City,Date,Average House Price sold,Highest Price Sold
Anaheim,2000,186000,186000
Antelope,2000,0,0
Arcadia,2000,0,0
Auburn,2000,400000,400000
Bakersfield,2000,80500,109500
Berkeley,2000,399000,399000
Brentwood,2000,0,0
Buena Park,2000,0,0
Burbank,2000,263000,263000
Camarillo,2000,652500,652500
Canoga Park,2000,0,0
Canyon Country,2000,192000,249000
Carmichael,2000,0,0
Carson,2000,0,0
Chico,2000,0,0
Chino,2000,0,0
Citrus Heights,2000,92000,125000
Compton,2000,0,0
Concord,2000,570000,850000
Culver City,2000,240000,240000
Davis,2000,160000,160000
Dodgertown,2000,120000,120000
Elk Grove,2000,0,0
Eureka,2000,152000,152000
Fairfield,2000,0,0
Folsom,2000,231000,231000
Fresno,2000,143200,194000
Fullerton,2000,0,0
Glendale,2000,275000,275000
Hayward,2000,225000,225000
Indio,2000,195500,195500
Inglewood,2000,255000,255000
Irvine,2000,454500,662000
Long Beach,2000,236250,330000
Los Angeles,2000,344964.2857,1235000
Merced,2000,0,0
Modesto,2000,168000,168000
Oakland,2000,229000,298000
Orange,2000,144000,168000
Palmdale,2000,116716,116716
Pasadena,2000,295000,295000
Riverside,2000,51750,75000
Rocklin,2000,0,0
Roseville,2000,277500,306000
Sacramento,2000,217214.2857,483000
San Bernardino,2000,0,0
San Diego,2000,298285.7143,1010000
San Francisco,2000,540500,865000
San Jose,2000,286400,415000
Santa Cruz,2000,441000,441000
Stockton,2000,161500,241500
Tracy,2000,0,0
Vacaville,2000,156000,156000
Vallejo,2000,375000,375000
Vista,2000,248750,352500
Whittier,2000,466250,750000
Yuba City,2000,0,0
Anaheim,2001,330000,330000
Antelope,2001,0,0
Arcadia,2001,235000,235000
Auburn,2001,242500,242500
Bakersfield,2001,129500,172500
Berkeley,2001,359000,359000
Brentwood,2001,382000,382000
Buena Park,2001,0,0
Burbank,2001,125000,125000
Camarillo,2001,0,0
Canoga Park,2001,236818,236818
Canyon Country,2001,0,0
Carmichael,2001,0,0
Carson,2001,98000,0
Chico,2001,170750,211500
Chino,2001,0,0
Citrus Heights,2001,0,0
Compton,2001,121250,126500
Concord,2001,237000,237000
Culver City,2001,460000,460000
Davis,2001,106000,106000
Dodgertown,2001,0,0
Elk Grove,2001,270750,319000
Eureka,2001,88750,92000
Fairfield,2001,0,0
Folsom,2001,403500,403500
Fresno,2001,141500,230000
Fullerton,2001,196666.6667,228000
Glendale,2001,315000,480000
Hayward,2001,0,0
Indio,2001,148500,148500
Inglewood,2001,52000,52000
Irvine,2001,562500,803500
Long Beach,2001,353875,775000
Los Angeles,2001,346625,680000
Merced,2001,0,0
Modesto,2001,271386,334272
Oakland,2001,310000,310000
Orange,2001,254000,290000
Palmdale,2001,163000,163000
Pasadena,2001,430000,430000
Riverside,2001,154750,160000
Rocklin,2001,220500,230000
Roseville,2001,0,0
Sacramento,2001,120666.6667,188000
San Bernardino,2001,91500,103000
San Diego,2001,372466.6667,1330000
San Francisco,2001,590100,837500
San Jose,2001,633000,725000
Santa Cruz,2001,589000,589000
Stockton,2001,149000,149000
Tracy,2001,0,0
Vacaville,2001,236333.3333,340000
Vallejo,2001,265000,265000
Vista,2001,337500,350000
Whittier,2001,230000,293000
Yuba City,2001,0,0
Anaheim,2002,286000,320000
Antelope,2002,0,0
Arcadia,2002,0,0
Auburn,2002,325000,325000
Bakersfield,2002,114333.3333,130000
Berkeley,2002,0,0
Brentwood,2002,0,0
Buena Park,2002,183000,183000
Burbank,2002,0,0
Camarillo,2002,263000,263000
Canoga Park,2002,172500,172500
Canyon Country,2002,464625,717000
Carmichael,2002,0,0
Carson,2002,0,98000
Chico,2002,210500,260000
Chino,2002,0,0
Citrus Heights,2002,247833.3333,283500
Compton,2002,144500,185000
Concord,2002,277250,360000
Culver City,2002,0,0
Davis,2002,0,0
Dodgertown,2002,152000,152000
Elk Grove,2002,293250,345500
Eureka,2002,0,0
Fairfield,2002,321000,321000
Folsom,2002,0,0
Fresno,2002,225785.7143,595000
Fullerton,2002,191500,283000
Glendale,2002,365000,388000
Hayward,2002,524500,272000
Indio,2002,125000,125000
Inglewood,2002,0,0
Irvine,2002,339125,427500
Long Beach,2002,329666.6667,691000
Los Angeles,2002,328711.5385,1050000
Merced,2002,170166.6667,206000
Modesto,2002,194280,266500
Oakland,2002,631600,1975000
Orange,2002,1050500,1400000
Palmdale,2002,0,0
Pasadena,2002,353500,428000
Riverside,2002,245083.3333,361000
Rocklin,2002,0,0
Roseville,2002,0,0
Sacramento,2002,210625,319000
San Bernardino,2002,100250,121500
San Diego,2002,269272.7273,415000
San Francisco,2002,751083.3333,1550000
San Jose,2002,594000,775000
Santa Cruz,2002,0,0
Stockton,2002,229000,295000
Tracy,2002,0,0
Vacaville,2002,0,0
Vallejo,2002,179000,179000
Vista,2002,409750,489000
Whittier,2002,442500,580000
Yuba City,2002,211000,211000
Anaheim,2003,452333.3333,595000
Antelope,2003,0,0
Arcadia,2003,0,0
Auburn,2003,115000,115000
Bakersfield,2003,124625,235000
Berkeley,2003,529500,540000
Brentwood,2003,462500,591500
Buena Park,2003,455666.7,395000
Burbank,2003,396000,396000
Camarillo,2003,557000,557000
Canoga Park,2003,310000,310000
Canyon Country,2003,315000,410000
Carmichael,2003,0,0
Carson,2003,335000,390000
Chico,2003,224666.6667,245000
Chino,2003,295000,295000
Citrus Heights,2003,255000,255000
Compton,2003,180000,180000
Concord,2003,410000,425000
Culver City,2003,265000,265000
Davis,2003,565000,565000
Dodgertown,2003,495000,495000
Elk Grove,2003,271875,281500
Eureka,2003,150000,150000
Fairfield,2003,490000,490000
Folsom,2003,267000,267000
Fresno,2003,156333.3333,210000
Fullerton,2003,380500,380500
Glendale,2003,460000,590000
Hayward,2003,0,0
Indio,2003,381125,1000000
Inglewood,2003,0,0
Irvine,2003,0,0
Long Beach,2003,300000,390000
Los Angeles,2003,409184.2105,2000000
Merced,2003,157500,157500
Modesto,2003,284500,369000
Oakland,2003,193125,410000
Orange,2003,575000,575000
Palmdale,2003,253000,370000
Pasadena,2003,390000,525000
Riverside,2003,333800,435000
Rocklin,2003,350500,350500
Roseville,2003,507500,725000
Sacramento,2003,242800,555000
San Bernardino,2003,146785.7143,227000
San Diego,2003,452656.25,1325000
San Francisco,2003,524812.5,850000
San Jose,2003,506772.7273,950000
Santa Cruz,2003,0,0
Stockton,2003,261250,414500
Tracy,2003,319000,417000
Vacaville,2003,281500,348000
Vallejo,2003,0,0
Vista,2003,234250,285000
Whittier,2003,0,0
Yuba City,2003,293000,293000
Anaheim,2004,466000,548000
Antelope,2004,443750,495000
Arcadia,2004,455000,455000
Auburn,2004,838000,838000
Bakersfield,2004,211928.5714,362500
Berkeley,2004,675000,675000
Brentwood,2004,0,0
Buena Park,2004,389500,444000
Burbank,2004,0,0
Camarillo,2004,579500,699000
Canoga Park,2004,0,0
Canyon Country,2004,376250,460000
Carmichael,2004,387000,445000
Carson,2004,385000,390000
Chico,2004,335000,410000
Chino,2004,0,0
Citrus Heights,2004,387750,431000
Compton,2004,355000,355000
Concord,2004,0,0
Culver City,2004,495333.3333,861000
Davis,2004,520000,520000
Dodgertown,2004,380000,380000
Elk Grove,2004,404000,465000
Eureka,2004,300000,300000
Fairfield,2004,418833.3333,516000
Folsom,2004,196000,196000
Fresno,2004,174500,268000
Fullerton,2004,645000,902500
Glendale,2004,1205000,1205000
Hayward,2004,272000,272000
Indio,2004,558500,558500
Inglewood,2004,0,0
Irvine,2004,777944.4444,1900500
Long Beach,2004,292000,449000
Los Angeles,2004,557895.8333,1194000
Merced,2004,300000,300000
Modesto,2004,306500,328000
Oakland,2004,380357.1429,625000
Orange,2004,545000,630000
Palmdale,2004,378500,430000
Pasadena,2004,734500,1076000
Riverside,2004,447500,610000
Rocklin,2004,300000,300000
Roseville,2004,450166.6667,579500
Sacramento,2004,308000,634000
San Bernardino,2004,197500,205000
San Diego,2004,440833.3333,600000
San Francisco,2004,630230.7692,996000
San Jose,2004,582352.9412,1548000
Santa Cruz,2004,0,0
Stockton,2004,424500,424500
Tracy,2004,412250,485000
Vacaville,2004,0,0
Vallejo,2004,0,0
Vista,2004,547500,555000
Whittier,2004,307250,333000
Yuba City,2004,235000,235000
Anaheim,2005,279500,279500
Antelope,2005,466666.6667,785000
Arcadia,2005,0,0
Auburn,2005,233500,377000
Bakersfield,2005,210500,324500
Berkeley,2005,639000,994000
Brentwood,2005,640000,640000
Buena Park,2005,603500,715000
Burbank,2005,439000,489000
Camarillo,2005,605000,605000
Canoga Park,2005,0,0
Canyon Country,2005,0,0
Carmichael,2005,0,0
Carson,2005,0,0
Chico,2005,265000,265000
Chino,2005,590000,590000
Citrus Heights,2005,0,0
Compton,2005,330000,330000
Concord,2005,525000,625000
Culver City,2005,0,0
Davis,2005,209000,209000
Dodgertown,2005,720000,875000
Elk Grove,2005,484000,484000
Eureka,2005,198500,239000
Fairfield,2005,545500,637000
Folsom,2005,342500,342500
Fresno,2005,340812.5,584000
Fullerton,2005,442500,545000
Glendale,2005,0,0
Hayward,2005,560000,560000
Indio,2005,467666.6667,729500
Inglewood,2005,300000,450000
Irvine,2005,715400,1495000
Long Beach,2005,397062.5,1075000
Los Angeles,2005,734666.6667,1750000
Merced,2005,379500,550000
Modesto,2005,410000,616000
Oakland,2005,418333.3333,630000
Orange,2005,695000,695000
Palmdale,2005,845000,845000
Pasadena,2005,491250,569000
Riverside,2005,453000,727500
Rocklin,2005,375000,375000
Roseville,2005,569500,590000
Sacramento,2005,297250,514500
San Bernardino,2005,0,0
San Diego,2005,498718.15,1050000
San Francisco,2005,785428.5714,1005000
San Jose,2005,695266.6667,1325000
Santa Cruz,2005,0,0
Stockton,2005,410000,410000
Tracy,2005,475166.6667,702500
Vacaville,2005,0,0
Vallejo,2005,0,0
Vista,2005,450000,450000
Whittier,2005,459250,467500
Yuba City,2005,390000,390000
Anaheim,2006,430500,472000
Antelope,2006,355500,355500
Arcadia,2006,0,0
Auburn,2006,345000,345000
Bakersfield,2006,313857.1429,535000
Berkeley,2006,795000,795000
Brentwood,2006,0,0
Buena Park,2006,647500,720000
Burbank,2006,602500,645000
Camarillo,2006,576500,576500
Canoga Park,2006,0,0
Canyon Country,2006,340000,340000
Carmichael,2006,306000,306000
Carson,2006,0,0
Chico,2006,269000,269000
Chino,2006,535000,667000
Citrus Heights,2006,0,0
Compton,2006,0,0
Concord,2006,0,0
Culver City,2006,449000,449000
Davis,2006,346750,459000
Dodgertown,2006,280681,280681
Elk Grove,2006,0,0
Eureka,2006,0,0
Fairfield,2006,600000,675000
Folsom,2006,390500,390500
Fresno,2006,241166.6667,300000
Fullerton,2006,541333.3333,1000000
Glendale,2006,270000,270000
Hayward,2006,0,0
Indio,2006,319000,397000
Inglewood,2006,0,0
Irvine,2006,653800,809000
Long Beach,2006,536416.6667,882500
Los Angeles,2006,746136.3636,1750000
Merced,2006,330000,330000
Modesto,2006,242500,265000
Oakland,2006,285000,560000
Orange,2006,560000,560000
Palmdale,2006,377500,550500
Pasadena,2006,977000,1505000
Riverside,2006,1174000,1174000
Rocklin,2006,537000,537000
Roseville,2006,0,0
Sacramento,2006,488750,680000
San Bernardino,2006,261333.3333,275000
San Diego,2006,472300,860000
San Francisco,2006,945708.3333,2495000
San Jose,2006,495785.7143,760000
Santa Cruz,2006,527500,830000
Stockton,2006,0,0
Tracy,2006,0,0
Vacaville,2006,0,0
Vallejo,2006,243000,243000
Vista,2006,129000,129000
Whittier,2006,611333.3333,720000
Yuba City,2006,0,0
Anaheim,2007,596500,635000
Antelope,2007,0,0
Arcadia,2007,1076500,1255000
Auburn,2007,342000,342000
Bakersfield,2007,302000,410000
Berkeley,2007,545750,710000
Brentwood,2007,385000,385000
Buena Park,2007,423000,423000
Burbank,2007,664750,740000
Camarillo,2007,502000,580000
Canoga Park,2007,1100000,1100000
Canyon Country,2007,265000,290000
Carmichael,2007,0,0
Carson,2007,0,0
Chico,2007,260000,260000
Chino,2007,447500,447500
Citrus Heights,2007,0,0
Compton,2007,0,0
Concord,2007,616000,767000
Culver City,2007,428500,428500
Davis,2007,820000,820000
Dodgertown,2007,275000,275000
Elk Grove,2007,505500,521000
Eureka,2007,310000,310000
Fairfield,2007,0,0
Folsom,2007,0,0
Fresno,2007,219875.6667,318000
Fullerton,2007,433000,433000
Glendale,2007,849000,849000
Hayward,2007,11536,11536
Indio,2007,374420.25,540000
Inglewood,2007,730000,730000
Irvine,2007,618900,905000
Long Beach,2007,639500,875000
Los Angeles,2007,742846.1538,2550000
Merced,2007,0,0
Modesto,2007,1153500,1153500
Oakland,2007,686416.6667,1475000
Orange,2007,696750,860000
Palmdale,2007,0,0
Pasadena,2007,502000,535000
Riverside,2007,746500,1569000
Rocklin,2007,0,0
Roseville,2007,0,0
Sacramento,2007,312625,610500
San Bernardino,2007,294500,350000
San Diego,2007,528214.2857,856500
San Francisco,2007,1573291.667,7950000
San Jose,2007,837166.6667,1845000
Santa Cruz,2007,0,0
Stockton,2007,357750,445000
Tracy,2007,571000,571000
Vacaville,2007,470000,470000
Vallejo,2007,337500,337500
Vista,2007,504333.3333,614000
Whittier,2007,577000,577000
Yuba City,2007,0,0
Anaheim,2008,481666.6667,580000
Antelope,2008,91000,91000
Arcadia,2008,689666.7,731000
Auburn,2008,0,0
Bakersfield,2008,171611.1111,255000
Berkeley,2008,600000,750000
Brentwood,2008,0,0
Buena Park,2008,450000,450000
Burbank,2008,677500,1050000
Camarillo,2008,0,0
Canoga Park,2008,260000,260000
Canyon Country,2008,268000,268000
Carmichael,2008,0,0
Carson,2008,0,0
Chico,2008,191500,238000
Chino,2008,0,0
Citrus Heights,2008,245000,245000
Compton,2008,108000,108000
Concord,2008,445000,445000
Culver City,2008,176000,340000
Davis,2008,0,0
Dodgertown,2008,521750,532500
Elk Grove,2008,304500,406000
Eureka,2008,0,0
Fairfield,2008,0,0
Folsom,2008,0,0
Fresno,2008,202413.25,325000
Fullerton,2008,354000,400000
Glendale,2008,563400,820000
Hayward,2008,0,0
Indio,2008,217000,217000
Inglewood,2008,0,0
Irvine,2008,685000,840000
Long Beach,2008,440000,810000
Los Angeles,2008,482287.9565,1600000
Merced,2008,192000,237000
Modesto,2008,115397.5,215000
Oakland,2008,1085083.333,3616500
Orange,2008,259000,420000
Palmdale,2008,148750,228000
Pasadena,2008,869200,1850000
Riverside,2008,363900,610000
Rocklin,2008,456000,456000
Roseville,2008,367333.3,600000
Sacramento,2008,232076.9231,639000
San Bernardino,2008,108000,175000
San Diego,2008,403000,925000
San Francisco,2008,791545.4545,2613000
San Jose,2008,604400,902000
Santa Cruz,2008,802500,955000
Stockton,2008,219159.2727,715000
Tracy,2008,390375,550000
Vacaville,2008,439750,460000
Vallejo,2008,165000,165000
Vista,2008,558500,558500
Whittier,2008,561500,575000
Yuba City,2008,283500,401000
Anaheim,2009,360000,360000
Antelope,2009,0,0
Arcadia,2009,0,0
Auburn,2009,0,0
Bakersfield,2009,227583.3333,392000
Berkeley,2009,557500,775000
Brentwood,2009,195300,195300
Buena Park,2009,665000,665000
Burbank,2009,414000,455000
Camarillo,2009,670000,670000
Canoga Park,2009,240000,315000
Canyon Country,2009,462400,852000
Carmichael,2009,0,0
Carson,2009,0,0
Chico,2009,580000,580000
Chino,2009,0,0
Citrus Heights,2009,110160,110160
Compton,2009,202000,249000
Concord,2009,282000,282000
Culver City,2009,350000,350000
Davis,2009,379000,379000
Dodgertown,2009,0,0
Elk Grove,2009,325000,325000
Eureka,2009,290000,301000
Fairfield,2009,591000,862000
Folsom,2009,0,0
Fresno,2009,125833.3333,187500
Fullerton,2009,205000,205000
Glendale,2009,355666.6667,400000
Hayward,2009,0,0
Indio,2009,169000,169000
Inglewood,2009,0,0
Irvine,2009,858333.3333,1500000
Long Beach,2009,233400,367000
Los Angeles,2009,488935.3478,1350013
Merced,2009,98000,98000
Modesto,2009,165618.2,361000
Oakland,2009,176888.8889,340000
Orange,2009,401750,501000
Palmdale,2009,134000,313000
Pasadena,2009,413666.6667,711000
Riverside,2009,386166.6667,800000
Rocklin,2009,109000,109000
Roseville,2009,0,0
Sacramento,2009,211666.6667,386000
San Bernardino,2009,149400,300000
San Diego,2009,401653.8462,1229000
San Francisco,2009,764750,1100000
San Jose,2009,332611.1111,469000
Santa Cruz,2009,0,0
Stockton,2009,137364.2857,270000
Tracy,2009,213800,250000
Vacaville,2009,335000,480000
Vallejo,2009,148750,190000
Vista,2009,222666.6667,535000
Whittier,2009,0,0
Yuba City,2009,190000,190000
Anaheim,2010,269750,354000
Antelope,2010,204000,204000
Arcadia,2010,450004,450004
Auburn,2010,550000,800000
Bakersfield,2010,136666.6667,235000
Berkeley,2010,830000,830000
Brentwood,2010,0,0
Buena Park,2010,408333.3333,595000
Burbank,2010,875000,875000
Camarillo,2010,550000,550000
Canoga Park,2010,135000,135000
Canyon Country,2010,172500,185000
Carmichael,2010,170000,170000
Carson,2010,287500,290000
Chico,2010,283500,305000
Chino,2010,199000,343000
Citrus Heights,2010,250000,250000
Compton,2010,156500,235000
Concord,2010,371000,510000
Culver City,2010,0,0
Davis,2010,0,0
Dodgertown,2010,455000,610000
Elk Grove,2010,224500,240000
Eureka,2010,181000,244000
Fairfield,2010,154000,154000
Folsom,2010,325000,325000
Fresno,2010,103336,212508
Fullerton,2010,697500,800000
Glendale,2010,675000,945000
Hayward,2010,276750,375000
Indio,2010,220666.6667,312000
Inglewood,2010,82500,100000
Irvine,2010,391000,446000
Long Beach,2010,404000,1800000
Los Angeles,2010,795885.6667,5942559
Merced,2010,81750,112000
Modesto,2010,195173,345000
Oakland,2010,440500,825000
Orange,2010,478500,670000
Palmdale,2010,267125,570000
Pasadena,2010,820000,2495000
Riverside,2010,224000,224000
Rocklin,2010,462000,462000
Roseville,2010,429000,429000
Sacramento,2010,183166.6667,348000
San Bernardino,2010,126166.6667,218000
San Diego,2010,391233.3333,1000000
San Francisco,2010,1039428.571,3940000
San Jose,2010,426833.3333,767500
Santa Cruz,2010,930000,930000
Stockton,2010,123637.5833,235000
Tracy,2010,350000,350000
Vacaville,2010,775000,775000
Vallejo,2010,250000,250000
Vista,2010,0,0
Whittier,2010,336875,408000
Yuba City,2010,0,0
Anaheim,2011,375500,525000
Antelope,2011,165833.3333,189000
Arcadia,2011,502666.7,695000
Auburn,2011,234250,340000
Bakersfield,2011,212166.6667,489000
Berkeley,2011,1165000,1165000
Brentwood,2011,0,0
Buena Park,2011,0,0
Burbank,2011,0,0
Camarillo,2011,0,0
Canoga Park,2011,260000,260000
Canyon Country,2011,0,0
Carmichael,2011,355000,355000
Carson,2011,0,0
Chico,2011,437500,437500
Chino,2011,0,0
Citrus Heights,2011,154000,165000
Compton,2011,213000,213000
Concord,2011,166750,290000
Culver City,2011,0,0
Davis,2011,0,0
Dodgertown,2011,0,0
Elk Grove,2011,237000,365000
Eureka,2011,272500,315000
Fairfield,2011,0,0
Folsom,2011,0,0
Fresno,2011,266857.1429,825000
Fullerton,2011,385000,385000
Glendale,2011,592666.6667,815000
Hayward,2011,386958,553874
Indio,2011,73250,91500
Inglewood,2011,79500,79500
Irvine,2011,475000,475000
Long Beach,2011,344875,755000
Los Angeles,2011,575590.6389,4295042
Merced,2011,152000,152000
Modesto,2011,134300,282000
Oakland,2011,189830,420000
Orange,2011,531800,804000
Palmdale,2011,191500,360000
Pasadena,2011,702503.5,2130021
Riverside,2011,161845.4,210000
Rocklin,2011,0,0
Roseville,2011,202500,230000
Sacramento,2011,155133.3333,430000
San Bernardino,2011,160400,259500
San Diego,2011,377040,1270000
San Francisco,2011,959500,5950000
San Jose,2011,513250,850000
Santa Cruz,2011,366250,423500
Stockton,2011,163860,249580
Tracy,2011,332333.3333,380000
Vacaville,2011,123000,195000
Vallejo,2011,75000,85000
Vista,2011,0,0
Whittier,2011,289666.6667,309000
Yuba City,2011,0,0
Anaheim,2012,295571.4286,332000
Antelope,2012,245000,299000
Arcadia,2012,0,0
Auburn,2012,401500,470000
Bakersfield,2012,145785.7143,200500
Berkeley,2012,643333.3333,1140000
Brentwood,2012,245000,245000
Buena Park,2012,378500,378500
Burbank,2012,467000,573000
Camarillo,2012,890000,890000
Canoga Park,2012,0,0
Canyon Country,2012,260250,436000
Carmichael,2012,592000,592000
Carson,2012,0,0
Chico,2012,325000,519000
Chino,2012,307500,340000
Citrus Heights,2012,0,0
Compton,2012,252500,255000
Concord,2012,179500,250000
Culver City,2012,275000,275000
Davis,2012,415000,415000
Dodgertown,2012,362500,485000
Elk Grove,2012,276000,450000
Eureka,2012,0,0
Fairfield,2012,0,0
Folsom,2012,367500,385000
Fresno,2012,159888.8889,250000
Fullerton,2012,176500,223000
Glendale,2012,386300,627500
Hayward,2012,233833.3333,355000
Indio,2012,366166.6667,565000
Inglewood,2012,383000,383000
Irvine,2012,759571.4286,2075000
Long Beach,2012,299071.4286,527500
Los Angeles,2012,735778.4444,7050000
Merced,2012,122666.6667,220000
Modesto,2012,131166.6667,153000
Oakland,2012,442125,1160000
Orange,2012,363214.2857,540000
Palmdale,2012,429500,744000
Pasadena,2012,597250,865000
Riverside,2012,271375,376000
Rocklin,2012,0,0
Roseville,2012,313666.6667,457000
Sacramento,2012,132250,255000
San Bernardino,2012,385000,385000
San Diego,2012,589129.0769,2725000
San Francisco,2012,843111.1111,2632500
San Jose,2012,603764.7059,1070000
Santa Cruz,2012,555000,610000
Stockton,2012,119100,280000
Tracy,2012,294500,294500
Vacaville,2012,262600,430000
Vallejo,2012,182125,249500
Vista,2012,71000,71000
Whittier,2012,325200,365000
Yuba City,2012,245000,245000
Anaheim,2013,450583.3333,800000
Antelope,2013,0,0
Arcadia,2013,1070000,1260000
Auburn,2013,333750,472500
Bakersfield,2013,205318.1818,575500
Berkeley,2013,727500,805000
Brentwood,2013,0,0
Buena Park,2013,0,0
Burbank,2013,451500,610000
Camarillo,2013,512000,1150000
Canoga Park,2013,0,0
Canyon Country,2013,221250,352000
Carmichael,2013,0,0
Carson,2013,475000,475000
Chico,2013,263333.3333,527000
Chino,2013,552500,700000
Citrus Heights,2013,170000,200000
Compton,2013,0,0
Concord,2013,373428.5714,525000
Culver City,2013,260000,260000
Davis,2013,285000,285000
Dodgertown,2013,617000,617000
Elk Grove,2013,362300,452500
Eureka,2013,196000,207000
Fairfield,2013,213000,217000
Folsom,2013,0,0
Fresno,2013,225250,416000
Fullerton,2013,511000,795000
Glendale,2013,573500,960000
Hayward,2013,437333.3333,690000
Indio,2013,0,0
Inglewood,2013,286250,410000
Irvine,2013,860363.6364,1450000
Long Beach,2013,582769.2308,1700000
Los Angeles,2013,973080.3333,4500000
Merced,2013,277142.8571,294500
Modesto,2013,206000,290000
Oakland,2013,479535.7143,875000
Orange,2013,516500,1088000
Palmdale,2013,172000,194000
Pasadena,2013,501375,770500
Riverside,2013,350785.7143,452000
Rocklin,2013,665000,665000
Roseville,2013,306250,585000
Sacramento,2013,287970.5882,579000
San Bernardino,2013,168300,268500
San Diego,2013,547096.8684,1450000
San Francisco,2013,1152534.483,3628000
San Jose,2013,715588.2353,1395000
Santa Cruz,2013,0,0
Stockton,2013,133285.7143,180000
Tracy,2013,340833.3333,380500
Vacaville,2013,0,0
Vallejo,2013,253000,392000
Vista,2013,340750,425000
Whittier,2013,329812.5,532000
Yuba City,2013,611000,611000
Anaheim,2014,553562.5,770000
Antelope,2014,262000,372000
Arcadia,2014,1072500,1250000
Auburn,2014,296000,477500
Bakersfield,2014,271884.6154,495000
Berkeley,2014,907833.3333,1900000
Brentwood,2014,424500,545000
Buena Park,2014,323500,352000
Burbank,2014,476500,532000
Camarillo,2014,0,0
Canoga Park,2014,633500,685000
Canyon Country,2014,259500,340000
Carmichael,2014,294000,294000
Carson,2014,388000,388000
Chico,2014,0,0
Chino,2014,512000,716000
Citrus Heights,2014,0,0
Compton,2014,282500,285000
Concord,2014,370333.3333,610000
Culver City,2014,0,0
Davis,2014,0,0
Dodgertown,2014,241150,480000
Elk Grove,2014,288666.6667,322000
Eureka,2014,367500,410000
Fairfield,2014,300000,300000
Folsom,2014,0,0
Fresno,2014,215562.5,399000
Fullerton,2014,422000,646000
Glendale,2014,585667.6667,955000
Hayward,2014,277750,282000
Indio,2014,340000,365000
Inglewood,2014,225000,225000
Irvine,2014,783350,1345500
Long Beach,2014,424733.3333,760000
Los Angeles,2014,893469.5,5125000
Merced,2014,131333.3333,175000
Modesto,2014,203625,268000
Oakland,2014,537357.1429,2110000
Orange,2014,458166.6667,580000
Palmdale,2014,0,0
Pasadena,2014,742350.3,2250000
Riverside,2014,375772.7273,780000
Rocklin,2014,320000,320000
Roseville,2014,477000,1000000
Sacramento,2014,215558.8235,409000
San Bernardino,2014,235571.4286,398000
San Diego,2014,505029.4118,1678500
San Francisco,2014,990640.6061,2200000
San Jose,2014,673950,2200000
Santa Cruz,2014,490000,490000
Stockton,2014,218291.25,383000
Tracy,2014,383100,510000
Vacaville,2014,325000,325000
Vallejo,2014,172500,255000
Vista,2014,421500,493000
Whittier,2014,687785.7143,1250000
Yuba City,2014,272000,272000
Anaheim,2015,542500,670000
Antelope,2015,0,0
Arcadia,2015,1453750,2350000
Auburn,2015,960000,1400000
Bakersfield,2015,275071.4286,800000
Berkeley,2015,992500,1310000
Brentwood,2015,456200,495000
Buena Park,2015,505000,510000
Burbank,2015,622500,660000
Camarillo,2015,611000,815000
Canoga Park,2015,0,0
Canyon Country,2015,288166.6667,470000
Carmichael,2015,0,0
Carson,2015,473750,507500
Chico,2015,308750,533500
Chino,2015,395000,500000
Citrus Heights,2015,218800,290000
Compton,2015,306666.6667,330000
Concord,2015,507666.6667,649000
Culver City,2015,856000,1305000
Davis,2015,934000,934000
Dodgertown,2015,1079416.667,1710000
Elk Grove,2015,370416.6667,485000
Eureka,2015,20000,20000
Fairfield,2015,359375,501500
Folsom,2015,403750,467500
Fresno,2015,272406.25,694500
Fullerton,2015,612000,925000
Glendale,2015,692500,865000
Hayward,2015,568888.8889,752000
Indio,2015,516500,1180000
Inglewood,2015,1600,1600
Irvine,2015,683091.6667,1263000
Long Beach,2015,861500,4000000
Los Angeles,2015,860302.3077,3500000
Merced,2015,151250,177500
Modesto,2015,199812.5,263000
Oakland,2015,832000,1850000
Orange,2015,612500,635000
Palmdale,2015,236000,342000
Pasadena,2015,813055.5556,1392000
Riverside,2015,363888.8889,810000
Rocklin,2015,350000,485000
Roseville,2015,380555.5556,552000
Sacramento,2015,244750,382000
San Bernardino,2015,298416.6667,429000
San Diego,2015,586531.25,2480000
San Francisco,2015,1215270.27,3850000
San Jose,2015,606888.8889,1345000
Santa Cruz,2015,678750,1180000
Stockton,2015,193156.25,360000
Tracy,2015,328750,443000
Vacaville,2015,350250,446000
Vallejo,2015,315833.3333,440000
Vista,2015,452500,470000
Whittier,2015,449500,565000
Yuba City,2015,403625,895500
Anaheim,2016,501058.8235,775000
Antelope,2016,335666.7,372000
Arcadia,2016,655000,655000
Auburn,2016,454900,702500
Bakersfield,2016,291843.75,930000
Berkeley,2016,947900,1250000
Brentwood,2016,655429,1022500
Buena Park,2016,411166.6667,535000
Burbank,2016,633583.3333,1275000
Camarillo,2016,735000,1350000
Canoga Park,2016,265000,265000
Canyon Country,2016,429666.6667,525000
Carmichael,2016,375000,375000
Carson,2016,0,0
Chico,2016,285777.7778,428500
Chino,2016,366600,453500
Citrus Heights,2016,299000,370000
Compton,2016,285000,285000
Concord,2016,520500,715000
Culver City,2016,225875,450000
Davis,2016,280000,280000
Dodgertown,2016,275000,275000
Elk Grove,2016,355000,355000
Eureka,2016,240333.3333,285000
Fairfield,2016,365500,504000
Folsom,2016,476833.3333,567500
Fresno,2016,236775,502500
Fullerton,2016,523666.6667,870000
Glendale,2016,523750,805000
Hayward,2016,554222.2222,766000
Indio,2016,350800,682500
Inglewood,2016,0,0
Irvine,2016,994156.25,2964500
Long Beach,2016,478411.7647,895000
Los Angeles,2016,1097798.701,3850000
Merced,2016,163000,209000
Modesto,2016,206333.3333,410500
Oakland,2016,680333.3333,1240000
Orange,2016,433166.6667,600000
Palmdale,2016,238000,275000
Pasadena,2016,958636.3636,2500000
Riverside,2016,361636.3636,512000
Rocklin,2016,355916.6667,482000
Roseville,2016,429071.4286,646000
Sacramento,2016,320411.7647,645000
San Bernardino,2016,301750,425000
San Diego,2016,547782.2581,1475000
San Francisco,2016,1560091,4500000
San Jose,2016,788300,1567000
Santa Cruz,2016,937166.6667,1200000
Stockton,2016,280777.7778,430000
Tracy,2016,492083.3333,655000
Vacaville,2016,411750,695000
Vallejo,2016,300666.6667,570000
Vista,2016,468714.2857,565000
Whittier,2016,495950,620000
Yuba City,2016,311000,550000
Anaheim,2017,587650,956500
Antelope,2017,407000,407000
Arcadia,2017,1132000,1300000
Auburn,2017,458000,799000
Bakersfield,2017,262692.3077,1125000
Berkeley,2017,813666.6667,1625000
Brentwood,2017,725000,910000
Buena Park,2017,565000,565000
Burbank,2017,499311.1111,721000
Camarillo,2017,1220500,1750000
Canoga Park,2017,512600,950000
Canyon Country,2017,418900,750000
Carmichael,2017,318250,350000
Carson,2017,431666.6667,520000
Chico,2017,280428.5714,434500
Chino,2017,477583.3333,595500
Citrus Heights,2017,278500,355000
Compton,2017,343333.3333,400000
Concord,2017,546250,668000
Culver City,2017,591500,650000
Davis,2017,639000,639000
Dodgertown,2017,887785.7143,1196000
Elk Grove,2017,406166.6667,494500
Eureka,2017,282900,425500
Fairfield,2017,395600,550000
Folsom,2017,592000,1150000
Fresno,2017,265130.4348,581000
Fullerton,2017,663571.4286,1425000
Glendale,2017,590142.8571,910000
Hayward,2017,604687.5,750000
Indio,2017,261928.5714,361000
Inglewood,2017,485333.3333,540000
Irvine,2017,969947.4615,2600000
Long Beach,2017,506268.1818,2081000
Los Angeles,2017,929050.7229,3100000
Merced,2017,221858.5556,380000
Modesto,2017,315423.0769,760000
Oakland,2017,817260,2608500
Orange,2017,460071.4286,725000
Palmdale,2017,352500,352500
Pasadena,2017,768045.4545,1262000
Riverside,2017,359660,633000
Rocklin,2017,456142.8571,845000
Roseville,2017,419307.6923,611000
Sacramento,2017,310117.6471,755000
San Bernardino,2017,262583.3333,427500
San Diego,2017,681628.4286,2830000
San Francisco,2017,1804596.028,8000000
San Jose,2017,888965.5172,1990000
Santa Cruz,2017,790800,1285000
Stockton,2017,230111.1111,379000
Tracy,2017,478500,594500
Vacaville,2017,553300,1175000
Vallejo,2017,294700,416000
Vista,2017,423529.75,805119
Whittier,2017,321833.3333,329000
Yuba City,2017,555000,850000
Anaheim,2018,641000,999000
Antelope,2018,334900,387500
Arcadia,2018,1029600,1408000
Auburn,2018,2273363.5,10828181
Bakersfield,2018,204306.2105,442500
Berkeley,2018,1595000,2495000
Brentwood,2018,632000,632000
Buena Park,2018,645000,645000
Burbank,2018,1050500,1555000
Camarillo,2018,526666.6667,669500
Canoga Park,2018,904046.6667,1421000
Canyon Country,2018,297000,471000
Carmichael,2018,342500,405500
Carson,2018,436666.6667,607000
Chico,2018,308222.2222,470000
Chino,2018,479450,739000
Citrus Heights,2018,341444.4444,530000
Compton,2018,330166.6667,392500
Concord,2018,1735666.667,7500000
Culver City,2018,920750,1308000
Davis,2018,697500,750000
Dodgertown,2018,765241.6667,1200000
Elk Grove,2018,360700,445000
Eureka,2018,311333.3333,359000
Fairfield,2018,429333.3333,651000
Folsom,2018,707500,875000
Fresno,2018,203113.6364,430000
Fullerton,2018,919000,2450000
Glendale,2018,606600,950000
Hayward,2018,569571.4286,1048000
Indio,2018,753250,1048500
Inglewood,2018,529525,686100
Irvine,2018,1056550,2521500
Long Beach,2018,570218.75,1375000
Los Angeles,2018,1120436.508,6800000
Merced,2018,248571.4286,376500
Modesto,2018,331500,510000
Oakland,2018,736087.037,1725000
Orange,2018,860000,2300000
Palmdale,2018,263250,350000
Pasadena,2018,1077650,3025000
Riverside,2018,389500,629500
Rocklin,2018,455000,627000
Roseville,2018,485562.5,620000
Sacramento,2018,363088.8889,774000
San Bernardino,2018,275208.3333,520000
San Diego,2018,577490.9,1450000
San Francisco,2018,1643195.256,4995000
San Jose,2018,1340370.37,7600000
Santa Cruz,2018,728400,998000
Stockton,2018,255655,430000
Tracy,2018,468400,662500
Vacaville,2018,517333.3333,855000
Vallejo,2018,330000,370000
Vista,2018,396285.7143,525000
Whittier,2018,688454.5455,1525000
Yuba City,2018,278000,395000
Anaheim,2019,610930,1045000
Antelope,2019,351500,393000
Arcadia,2019,1282680,1860040
Auburn,2019,331166.6667,662000
Bakersfield,2019,245042.1053,838500
Berkeley,2019,927000,1410000
Brentwood,2019,751610,967000
Buena Park,2019,747000,1098000
Burbank,2019,632500,730000
Camarillo,2019,571666.6667,685000
Canoga Park,2019,432125,728000
Canyon Country,2019,681750,1051500
Carmichael,2019,0,0
Carson,2019,0,0
Chico,2019,484988.8889,810000
Chino,2019,629500,649000
Citrus Heights,2019,353000,410000
Compton,2019,409750,490000
Concord,2019,632666.6667,842000
Culver City,2019,1322400,3250000
Davis,2019,0,0
Dodgertown,2019,5188250,17250000
Elk Grove,2019,396166.6667,425000
Eureka,2019,180345.6667,337500
Fairfield,2019,446500,535000
Folsom,2019,358750,440000
Fresno,2019,219693.3333,307500
Fullerton,2019,791375,960000
Glendale,2019,373866.6667,585000
Hayward,2019,911250,1550000
Indio,2019,321666.6667,410000
Inglewood,2019,307000,307000
Irvine,2019,925307.2727,1614500
Long Beach,2019,660983.25,1960000
Los Angeles,2019,1120051.724,5460000
Merced,2019,297571.4286,325000
Modesto,2019,349928.5714,555000
Oakland,2019,700850,1270000
Orange,2019,500650,860000
Palmdale,2019,266700,523000
Pasadena,2019,877000,1648000
Riverside,2019,455727.2727,630000
Rocklin,2019,437500,535000
Roseville,2019,573500,577000
Sacramento,2019,363762.5,775000
San Bernardino,2019,190571.4286,300000
San Diego,2019,615845,1700000
San Francisco,2019,2200209.091,10700000
San Jose,2019,839466.9643,3050000
Santa Cruz,2019,723333.3333,1285000
Stockton,2019,320615.3846,735000
Tracy,2019,437810.5,669000
Vacaville,2019,348500,475000
Vallejo,2019,376100,485000
Vista,2019,490666.6667,665000
Whittier,2019,591316.6667,960000
Yuba City,2019,209000,318000
Anaheim,2020,525162.6364,1085000
Antelope,2020,378000,378000
Arcadia,2020,801000,1410000
Auburn,2020,596666.6667,1075000
Bakersfield,2020,290921.8636,2425000
Berkeley,2020,857500,1050000
Brentwood,2020,0,0
Buena Park,2020,611000,769000
Burbank,2020,770000,1479000
Camarillo,2020,660362.5,669625
Canoga Park,2020,542416.6667,670000
Canyon Country,2020,567500,567500
Carmichael,2020,331857.1,474000
Carson,2020,557000,695000
Chico,2020,379750,825000
Chino,2020,0,0
Citrus Heights,2020,274375,365000
Compton,2020,358340.8182,460000
Concord,2020,519300,750100
Culver City,2020,818500,1000000
Davis,2020,510000,510000
Dodgertown,2020,771333.3333,819000
Elk Grove,2020,592550,705000
Eureka,2020,370666.6667,565000
Fairfield,2020,0,0
Folsom,2020,385000,385000
Fresno,2020,202134.5128,729000
Fullerton,2020,577512.5,1015000
Glendale,2020,785833.3333,1250000
Hayward,2020,435750,580000
Indio,2020,846200,1690500
Inglewood,2020,405000,475000
Irvine,2020,1270187.5,3300000
Long Beach,2020,563475.1053,885000
Los Angeles,2020,801978.0098,13475000
Merced,2020,218333.3333,299000
Modesto,2020,275318.1818,476000
Oakland,2020,573669.25,1425000
Orange,2020,598114.2857,740000
Palmdale,2020,319083.3333,434000
Pasadena,2020,722225,1100000
Riverside,2020,482415.7619,1284669
Rocklin,2020,636066.6667,665000
Roseville,2020,307932.2,568000
Sacramento,2020,325364.339,1365000
San Bernardino,2020,322986.6667,1470000
San Diego,2020,617537.5116,1756000
San Francisco,2020,1097222.222,2150000
San Jose,2020,875825,1495000
Santa Cruz,2020,525000,525000
Stockton,2020,197927.9091,489000
Tracy,2020,523433.3333,715000
Vacaville,2020,437250,499500
Vallejo,2020,303785.7143,500000
Vista,2020,421536.3636,655000
Whittier,2020,520138.8889,820000
Yuba City,2020,93000,93000
